fecha,inicio_evento,fin_evento,pico_max,duracion_minutos
2023-02-25,2023-02-25 03:11:00,2023-02-25 03:38:00,0.694,27.0
2023-04-07,2023-04-07 03:30:00,2023-04-07 03:54:00,0.857,24.0
2023-10-31,2023-10-31 03:58:00,2023-10-31 04:51:00,0.945,53.0
2023-11-01,2023-11-01 02:34:00,2023-11-01 03:53:00,0.868,79.0
2023-11-02,2023-11-02 04:07:00,2023-11-02 04:32:00,0.697,25.0
2023-11-04,2023-11-04 04:09:00,2023-11-04 05:03:00,1.008,54.0
2023-11-11,2023-11-11 05:09:00,2023-11-11 05:41:00,0.647,32.0
2023-11-15,2023-11-15 01:46:00,2023-11-15 04:43:00,0.638,177.0
2023-11-22,2023-11-22 03:36:00,2023-11-22 04:37:00,1.074,61.0
2023-11-23,2023-11-23 04:17:00,2023-11-23 04:37:00,1.412,20.0
2023-11-26,2023-11-26 04:30:00,2023-11-26 05:08:00,0.87,38.0
2024-02-03,2024-02-03 00:46:00,2024-02-03 01:52:00,0.839,66.0
2024-02-08,2024-02-08 03:46:00,2024-02-08 05:07:00,0.86,81.0
2024-02-09,2024-02-09 01:42:00,2024-02-09 06:16:00,0.677,274.0
2024-02-10,2024-02-10 01:08:00,2024-02-10 02:17:00,0.749,69.0
2024-02-11,2024-02-11 01:26:00,2024-02-11 04:48:00,0.806,202.0
2024-02-12,2024-02-12 03:56:00,2024-02-12 04:50:00,1.011,54.0
2024-02-13,2024-02-13 03:52:00,2024-02-13 05:27:00,1.032,95.0
2024-02-16,2024-02-16 03:57:00,2024-02-16 05:21:00,1.126,84.0
2024-02-22,2024-02-22 05:07:00,2024-02-22 05:46:00,0.92,39.0
2024-02-23,2024-02-23 02:59:00,2024-02-23 05:24:00,0.62,145.0
2024-02-24,2024-02-24 03:22:00,2024-02-24 05:06:00,0.616,104.0
2024-02-27,2024-02-27 04:19:00,2024-02-27 04:39:00,1.353,20.0
2024-02-28,2024-02-28 01:11:00,2024-02-28 03:40:00,0.635,149.0
2024-02-29,2024-02-29 03:59:00,2024-02-29 05:27:00,0.612,88.0
2024-03-05,2024-03-05 02:48:00,2024-03-05 04:31:00,0.98,103.0
2024-03-06,2024-03-06 04:09:00,2024-03-06 04:53:00,0.808,44.0
2024-03-07,2024-03-07 03:36:00,2024-03-07 04:06:00,0.721,30.0
2024-03-11,2024-03-11 03:36:00,2024-03-11 03:43:00,0.956,7.0
2024-03-13,2024-03-13 04:36:00,2024-03-13 05:09:00,0.613,33.0
2024-03-14,2024-03-14 03:48:00,2024-03-14 04:17:00,0.875,29.0
2024-03-19,2024-03-19 03:59:00,2024-03-19 04:18:00,0.753,19.0
2024-03-23,2024-03-23 05:28:00,2024-03-23 05:45:00,1.024,17.0
2024-09-17,2024-09-17 03:54:00,2024-09-17 04:47:00,1.116,53.0
2024-09-30,2024-09-30 04:56:00,2024-09-30 05:13:00,0.968,17.0
2024-10-03,2024-10-03 05:17:00,2024-10-03 05:55:00,0.636,38.0
2024-10-10,2024-10-10 03:35:00,2024-10-10 04:33:00,0.611,58.0
2024-10-11,2024-10-11 06:44:00,2024-10-11 07:14:00,0.689,30.0
2024-10-14,2024-10-14 00:43:00,2024-10-14 02:11:00,0.679,88.0
2024-10-21,2024-10-21 02:23:00,2024-10-21 03:40:00,0.692,77.0
2024-10-30,2024-10-30 03:06:00,2024-10-30 04:02:00,0.818,56.0
2024-11-07,2024-11-07 03:20:00,2024-11-07 04:11:00,0.848,51.0
2024-11-09,2024-11-09 02:32:00,2024-11-09 04:09:00,0.879,97.0
2024-11-12,2024-11-12 01:01:00,2024-11-12 03:49:00,0.624,168.0
2024-11-13,2024-11-13 03:39:00,2024-11-13 04:42:00,0.994,63.0
2024-11-14,2024-11-14 04:26:00,2024-11-14 05:07:00,1.209,41.0
2024-11-15,2024-11-15 03:06:00,2024-11-15 03:36:00,1.314,30.0
2024-11-16,2024-11-16 03:56:00,2024-11-16 04:06:00,1.466,10.0
2024-11-18,2024-11-18 17:01:00,2024-11-18 17:20:00,0.812,19.0
2024-11-19,2024-11-19 00:25:00,2024-11-19 01:51:00,0.624,86.0
2024-11-20,2024-11-20 01:19:00,2024-11-20 02:18:00,0.752,59.0
2024-11-21,2024-11-21 00:49:00,2024-11-21 02:04:00,0.628,75.0
2024-11-24,2024-11-24 03:38:00,2024-11-24 05:40:00,0.722,122.0
2024-12-02,2024-12-02 01:14:00,2024-12-02 02:43:00,0.615,89.0
2025-01-15,2025-01-15 04:06:00,2025-01-15 05:22:00,0.746,76.0
2025-01-20,2025-01-20 09:03:00,2025-01-20 09:10:00,0.981,7.0
2025-01-21,2025-01-21 03:56:00,2025-01-21 05:53:00,0.646,117.0
2025-01-24,2025-01-24 03:22:00,2025-01-24 04:25:00,0.65,63.0
2025-01-28,2025-01-28 05:22:00,2025-01-28 05:40:00,1.072,18.0
2025-01-30,2025-01-30 04:53:00,2025-01-30 05:03:00,0.947,10.0
2025-01-31,2025-01-31 03:04:00,2025-01-31 04:47:00,0.639,103.0
2025-02-01,2025-02-01 02:35:00,2025-02-01 05:35:00,0.725,180.0
2025-02-04,2025-02-04 04:12:00,2025-02-04 05:38:00,0.764,86.0
2025-02-05,2025-02-05 03:36:00,2025-02-05 05:56:00,0.718,140.0
2025-02-06,2025-02-06 04:08:00,2025-02-06 05:27:00,0.666,79.0
2025-02-07,2025-02-07 04:22:00,2025-02-07 05:26:00,0.734,64.0
2025-02-08,2025-02-08 03:40:00,2025-02-08 04:42:00,0.703,62.0
2025-02-09,2025-02-09 04:06:00,2025-02-09 04:38:00,0.93,32.0
2025-02-11,2025-02-11 02:05:00,2025-02-11 06:09:00,0.665,244.0
2025-02-12,2025-02-12 04:02:00,2025-02-12 04:46:00,1.017,44.0
2025-02-13,2025-02-13 03:16:00,2025-02-13 04:56:00,1.038,100.0
2025-02-14,2025-02-14 03:17:00,2025-02-14 05:23:00,0.839,126.0
2025-02-21,2025-02-21 02:40:00,2025-02-21 04:53:00,0.703,133.0
2025-02-25,2025-02-25 02:03:00,2025-02-25 05:01:00,0.842,178.0
2025-02-26,2025-02-26 06:17:00,2025-02-26 06:29:00,0.928,12.0
2025-03-06,2025-03-06 04:48:00,2025-03-06 05:58:00,0.642,70.0
2025-03-07,2025-03-07 04:08:00,2025-03-07 05:29:00,0.618,81.0
2025-03-08,2025-03-08 00:23:00,2025-03-08 01:14:00,0.89,51.0
2025-03-12,2025-03-12 03:36:00,2025-03-12 03:52:00,1.066,16.0
2025-03-13,2025-03-13 03:17:00,2025-03-13 03:53:00,1.061,36.0
2025-03-14,2025-03-14 05:32:00,2025-03-14 05:43:00,1.196,11.0
2025-03-16,2025-03-16 03:37:00,2025-03-16 04:46:00,0.791,69.0
2025-03-18,2025-03-18 05:46:00,2025-03-18 05:57:00,1.293,11.0
2025-03-22,2025-03-22 03:18:00,2025-03-22 04:30:00,0.725,72.0
2025-03-30,2025-03-30 04:02:00,2025-03-30 04:29:00,0.809,27.0
2025-04-02,2025-04-02 00:38:00,2025-04-02 02:40:00,0.664,122.0
2025-04-03,2025-04-03 03:30:00,2025-04-03 03:40:00,0.83,10.0
